parent,child,description_parent,description_child
,root,,root
root,hcil,root,root/hcil
hcil,people,root/hcil,root/hcil/people
people,ara,root/hcil/people,root/hcil/people/ara
ara,ara-index.html,root/hcil/people/ara,root/hcil/people/ara/ara-index.html
people,catherine.html,root/hcil/people,root/hcil/people/catherine.html
hcil,research,root/hcil,root/hcil/research
research,research-1997,root/hcil/research,root/hcil/research/research-1997
research-1997,patientrecord.html,root/hcil/research/research-1997,root/hcil/research/research-1997/patientrecord.html
research,projects.html,root/hcil/research,root/hcil/research/projects.html
research,video96.html,root/hcil/research,root/hcil/research/video96.html
hcil,about,root/hcil,root/hcil/about
about,pictures,root/hcil/about,root/hcil/about/pictures
pictures,oh99,root/hcil/about/pictures,root/hcil/about/pictures/oh99
oh99,oh99-index.shtml,root/hcil/about/pictures/oh99,root/hcil/about/pictures/oh99/oh99-index.shtml
oh99,pic00045.jpg,root/hcil/about/pictures/oh99,root/hcil/about/pictures/oh99/pic00045.jpg
oh99,pic00046-small.jpg,root/hcil/about/pictures/oh99,root/hcil/about/pictures/oh99/pic00046-small.jpg
oh99,pic00046.jpg,root/hcil/about/pictures/oh99,root/hcil/about/pictures/oh99/pic00046.jpg
oh99,pic00047-small.jpg,root/hcil/about/pictures/oh99,root/hcil/about/pictures/oh99/pic00047-small.jpg
oh99,pic00047.jpg,root/hcil/about/pictures/oh99,root/hcil/about/pictures/oh99/pic00047.jpg
oh99,pic00049.jpg,root/hcil/about/pictures/oh99,root/hcil/about/pictures/oh99/pic00049.jpg
oh99,pic00050-small.jpg,root/hcil/about/pictures/oh99,root/hcil/about/pictures/oh99/pic00050-small.jpg
oh99,pic00050.jpg,root/hcil/about/pictures/oh99,root/hcil/about/pictures/oh99/pic00050.jpg
oh99,pic00051.jpg,root/hcil/about/pictures/oh99,root/hcil/about/pictures/oh99/pic00051.jpg
oh99,pic00052.jpg,root/hcil/about/pictures/oh99,root/hcil/about/pictures/oh99/pic00052.jpg
pictures,pic00047-small1.jpg,root/hcil/about/pictures,root/hcil/about/pictures/pic00047-small1.jpg
pictures,reddot.gif,root/hcil/about/pictures,root/hcil/about/pictures/reddot.gif
pictures,renovation,root/hcil/about/pictures,root/hcil/about/pictures/renovation
renovation,after.jpg,root/hcil/about/pictures/renovation,root/hcil/about/pictures/renovation/after.jpg
renovation,empty.jpg,root/hcil/about/pictures/renovation,root/hcil/about/pictures/renovation/empty.jpg
renovation,renovation-index.html,root/hcil/about/pictures/renovation,root/hcil/about/pictures/renovation/renovation-index.html
renovation,packing.jpg,root/hcil/about/pictures/renovation,root/hcil/about/pictures/renovation/packing.jpg
renovation,packing2.jpg,root/hcil/about/pictures/renovation,root/hcil/about/pictures/renovation/packing2.jpg
renovation,student-desk.jpg,root/hcil/about/pictures/renovation,root/hcil/about/pictures/renovation/student-desk.jpg
about,press,root/hcil/about,root/hcil/about/press
press,bullet2.gif,root/hcil/about/press,root/hcil/about/press/bullet2.gif
press,press-index.html,root/hcil/about/press,root/hcil/about/press/press-index.html
hcil,academics,root/hcil,root/hcil/academics
academics,applying.shtml,root/hcil/academics,root/hcil/academics/applying.shtml
academics,courses.shtml,root/hcil/academics,root/hcil/academics/courses.shtml
academics,academics-index.html,root/hcil/academics,root/hcil/academics/academics-index.html
academics,vrtp.shtml,root/hcil/academics,root/hcil/academics/vrtp.shtml
hcil,agile2d,root/hcil,root/hcil/agile2d
agile2d,agile2d-index.shtml,root/hcil/agile2d,root/hcil/agile2d/agile2d-index.shtml
hcil,anthro,root/hcil,root/hcil/anthro
anthro,assets00-submitted.htm,root/hcil/anthro,root/hcil/anthro/assets00-submitted.htm
anthro,image100.gif,root/hcil/anthro,root/hcil/anthro/image100.gif
anthro,image101.gif,root/hcil/anthro,root/hcil/anthro/image101.gif
anthro,image99.gif,root/hcil/anthro,root/hcil/anthro/image99.gif
anthro,image001.jpg,root/hcil/anthro,root/hcil/anthro/image001.jpg
anthro,anthro-index.html,root/hcil/anthro,root/hcil/anthro/anthro-index.html
anthro,anthro-index.shtml,root/hcil/anthro,root/hcil/anthro/anthro-index.shtml
anthro,photos,root/hcil/anthro,root/hcil/anthro/photos
photos,index.htm,root/hcil/anthro/photos,root/hcil/anthro/photos/index.htm
photos,photos-index.html,root/hcil/anthro/photos,root/hcil/anthro/photos/photos-index.html
photos,index_files,root/hcil/anthro/photos,root/hcil/anthro/photos/index_files
index_files,filelist.xml,root/hcil/anthro/photos/index_files,root/hcil/anthro/photos/index_files/filelist.xml
hcil,banner-images,root/hcil,root/hcil/banner-images
banner-images,banner-btn-about-cur.gif,root/hcil/banner-images,root/hcil/banner-images/banner-btn-about-cur.gif
banner-images,banner-btn-about.gif,root/hcil/banner-images,root/hcil/banner-images/banner-btn-about.gif
banner-images,banner-btn-acad-cur.gif,root/hcil/banner-images,root/hcil/banner-images/banner-btn-acad-cur.gif
banner-images,banner-btn-acad.gif,root/hcil/banner-images,root/hcil/banner-images/banner-btn-acad.gif
banner-images,banner-btn-contact-cur.gif,root/hcil/banner-images,root/hcil/banner-images/banner-btn-contact-cur.gif
banner-images,banner-btn-contact.gif,root/hcil/banner-images,root/hcil/banner-images/banner-btn-contact.gif
banner-images,banner-btn-home-cur.gif,root/hcil/banner-images,root/hcil/banner-images/banner-btn-home-cur.gif
banner-images,banner-btn-home.gif,root/hcil/banner-images,root/hcil/banner-images/banner-btn-home.gif
banner-images,banner-btn-members-cur.gif,root/hcil/banner-images,root/hcil/banner-images/banner-btn-members-cur.gif
banner-images,banner-btn-members.gif,root/hcil/banner-images,root/hcil/banner-images/banner-btn-members.gif
banner-images,banner-btn-part-cur.gif,root/hcil/banner-images,root/hcil/banner-images/banner-btn-part-cur.gif
banner-images,banner-btn-part.gif,root/hcil/banner-images,root/hcil/banner-images/banner-btn-part.gif
banner-images,banner-btn-pub-cur.gif,root/hcil/banner-images,root/hcil/banner-images/banner-btn-pub-cur.gif
banner-images,banner-btn-pub.gif,root/hcil/banner-images,root/hcil/banner-images/banner-btn-pub.gif
banner-images,banner-btn-research-cur.gif,root/hcil/banner-images,root/hcil/banner-images/banner-btn-research-cur.gif
banner-images,banner-btn-research.gif,root/hcil/banner-images,root/hcil/banner-images/banner-btn-research.gif
banner-images,banner-hcil-left.gif,root/hcil/banner-images,root/hcil/banner-images/banner-hcil-left.gif
banner-images,banner-hcil-right.gif,root/hcil/banner-images,root/hcil/banner-images/banner-hcil-right.gif
banner-images,banner-logo-large.gif,root/hcil/banner-images,root/hcil/banner-images/banner-logo-large.gif
banner-images,banner-logo.gif,root/hcil/banner-images,root/hcil/banner-images/banner-logo.gif
banner-images,banner-title.gif,root/hcil/banner-images,root/hcil/banner-images/banner-title.gif
hcil,iv03contest,root/hcil,root/hcil/iv03contest
iv03contest,classif.html,root/hcil/iv03contest,root/hcil/iv03contest/classif.html
iv03contest,datasets.html,root/hcil/iv03contest,root/hcil/iv03contest/datasets.html
iv03contest,datasets,root/hcil/iv03contest,root/hcil/iv03contest/datasets
datasets,phylo_a_abc_03-02-01.xml,root/hcil/iv03contest/datasets,root/hcil/iv03contest/datasets/phylo_a_abc_03-02-01.xml
datasets,phylo_b_im__03-02-01.xml,root/hcil/iv03contest/datasets,root/hcil/iv03contest/datasets/phylo_b_im__03-02-01.xml
datasets,treeml-sample.xml,root/hcil/iv03contest/datasets,root/hcil/iv03contest/datasets/treeml-sample.xml
datasets,treeml.dtd,root/hcil/iv03contest/datasets,root/hcil/iv03contest/datasets/treeml.dtd
iv03contest,generaltasks.html,root/hcil/iv03contest,root/hcil/iv03contest/generaltasks.html
iv03contest,history.html,root/hcil/iv03contest,root/hcil/iv03contest/history.html
iv03contest,iv03contest-index.html,root/hcil/iv03contest,root/hcil/iv03contest/iv03contest-index.html
iv03contest,iv03contest-index.shtml,root/hcil/iv03contest,root/hcil/iv03contest/iv03contest-index.shtml
iv03contest,logo.jpg,root/hcil/iv03contest,root/hcil/iv03contest/logo.jpg
iv03contest,logs.html,root/hcil/iv03contest,root/hcil/iv03contest/logs.html
iv03contest,phylo,root/hcil/iv03contest,root/hcil/iv03contest/phylo
phylo,phylo.html,root/hcil/iv03contest/phylo,root/hcil/iv03contest/phylo/phylo.html
hcil,kiddiglib,root/hcil,root/hcil/kiddiglib
kiddiglib,began.html,root/hcil/kiddiglib,root/hcil/kiddiglib/began.html
kiddiglib,children.html,root/hcil/kiddiglib,root/hcil/kiddiglib/children.html
kiddiglib,kiddiglib-index.html,root/hcil/kiddiglib,root/hcil/kiddiglib/kiddiglib-index.html
kiddiglib,kidpad-3kids.gif,root/hcil/kiddiglib,root/hcil/kiddiglib/kidpad-3kids.gif
kiddiglib,project.html,root/hcil/kiddiglib,root/hcil/kiddiglib/project.html
kiddiglib,technology.html,root/hcil/kiddiglib,root/hcil/kiddiglib/technology.html
kiddiglib,whiteboard-kids.gif,root/hcil/kiddiglib,root/hcil/kiddiglib/whiteboard-kids.gif
hcil,kidpad,root/hcil,root/hcil/kidpad
kidpad,kidpad-download,root/hcil/kidpad,root/hcil/kidpad/kidpad-download
kidpad-download,kidpaduserguide0.8.pdf,root/hcil/kidpad/kidpad-download,root/hcil/kidpad/kidpad-download/kidpaduserguide0.8.pdf
kidpad-download,kidpad-1.0-setup.exe,root/hcil/kidpad/kidpad-download,root/hcil/kidpad/kidpad-download/kidpad-1.0-setup.exe
kidpad-download,kidpad_1.0_user_guide.pdf,root/hcil/kidpad/kidpad-download,root/hcil/kidpad/kidpad-download/kidpad_1.0_user_guide.pdf
kidpad-download,kidpad-0.9.zip,root/hcil/kidpad/kidpad-download,root/hcil/kidpad/kidpad-download/kidpad-0.9.zip
kidpad-download,kidpad-download-index.html,root/hcil/kidpad/kidpad-download,root/hcil/kidpad/kidpad-download/kidpad-download-index.html
kidpad-download,kidpad-0.8-setup.exe,root/hcil/kidpad/kidpad-download,root/hcil/kidpad/kidpad-download/kidpad-0.8-setup.exe
kidpad-download,kidpad-user-guide-0.8.htm,root/hcil/kidpad/kidpad-download,root/hcil/kidpad/kidpad-download/kidpad-user-guide-0.8.htm
kidpad-download,kidpad-user-guide-0.9.pdf,root/hcil/kidpad/kidpad-download,root/hcil/kidpad/kidpad-download/kidpad-user-guide-0.9.pdf
kidpad,kidpad-index.html,root/hcil/kidpad,root/hcil/kidpad/kidpad-index.html
hcil,lifelines,root/hcil,root/hcil/lifelines
lifelines,cprwork,root/hcil/lifelines,root/hcil/lifelines/cprwork
cprwork,samples.htm,root/hcil/lifelines/cprwork,root/hcil/lifelines/cprwork/samples.htm
lifelines,amia-lificon.jpg,root/hcil/lifelines,root/hcil/lifelines/amia-lificon.jpg
lifelines,dandemo,root/hcil/lifelines,root/hcil/lifelines/dandemo
dandemo,apr98,root/hcil/lifelines/dandemo,root/hcil/lifelines/dandemo/apr98
apr98,bean.html,root/hcil/lifelines/dandemo/apr98,root/hcil/lifelines/dandemo/apr98/bean.html
dandemo,august,root/hcil/lifelines/dandemo,root/hcil/lifelines/dandemo/august
august,frame.html,root/hcil/lifelines/dandemo/august,root/hcil/lifelines/dandemo/august/frame.html
dandemo,november,root/hcil/lifelines/dandemo,root/hcil/lifelines/dandemo/november
november,frame1.html,root/hcil/lifelines/dandemo/november,root/hcil/lifelines/dandemo/november/frame1.html
lifelines,dbandpanels.shtml,root/hcil/lifelines,root/hcil/lifelines/dbandpanels.shtml
lifelines,lifelines-index.html,root/hcil/lifelines,root/hcil/lifelines/lifelines-index.html
lifelines,latestdemo,root/hcil/lifelines,root/hcil/lifelines/latestdemo
latestdemo,chi.html,root/hcil/lifelines/latestdemo,root/hcil/lifelines/latestdemo/chi.html
latestdemo,kaiser.html,root/hcil/lifelines/latestdemo,root/hcil/lifelines/latestdemo/kaiser.html
lifelines,medprints.shtml,root/hcil/lifelines,root/hcil/lifelines/medprints.shtml
lifelines,parthademo,root/hcil/lifelines,root/hcil/lifelines/parthademo
parthademo,lifenotes3.html,root/hcil/lifelines/parthademo,root/hcil/lifelines/parthademo/lifenotes3.html
lifelines,screenjan98.jpg,root/hcil/lifelines,root/hcil/lifelines/screenjan98.jpg
lifelines,screenjan98icon.jpg,root/hcil/lifelines,root/hcil/lifelines/screenjan98icon.jpg
lifelines,yidemo,root/hcil/lifelines,root/hcil/lifelines/yidemo
yidemo,unix,root/hcil/lifelines/yidemo,root/hcil/lifelines/yidemo/unix
unix,record.html,root/hcil/lifelines/yidemo/unix,root/hcil/lifelines/yidemo/unix/record.html
hcil,members,root/hcil,root/hcil/members
members,collaborators.shtml,root/hcil/members,root/hcil/members/collaborators.shtml
members,mteittinen,root/hcil/members,root/hcil/members/mteittinen
mteittinen,mteittinen-index.html,root/hcil/members/mteittinen,root/hcil/members/mteittinen/mteittinen-index.html
mteittinen,mteittinen.gif,root/hcil/members/mteittinen,root/hcil/members/mteittinen/mteittinen.gif
members,mvenkatraman,root/hcil/members,root/hcil/members/mvenkatraman
mvenkatraman,mvenkatraman-index.html,root/hcil/members/mvenkatraman,root/hcil/members/mvenkatraman/mvenkatraman-index.html
mvenkatraman,main_fin.html,root/hcil/members/mvenkatraman,root/hcil/members/mvenkatraman/main_fin.html
members,ndang4.jpg,root/hcil/members,root/hcil/members/ndang4.jpg
members,not-avail.gif,root/hcil/members,root/hcil/members/not-avail.gif
members,past-members.shtml,root/hcil/members,root/hcil/members/past-members.shtml
members,rpotter,root/hcil/members,root/hcil/members/rpotter
rpotter,rpotter-index.html,root/hcil/members/rpotter,root/hcil/members/rpotter/rpotter-index.html
members,rsalter,root/hcil/members,root/hcil/members/rsalter
rsalter,rsalter-index.html,root/hcil/members/rsalter,root/hcil/members/rsalter/rslater-index.html
rsalter,rsalter-small3.gif,root/hcil/members/rsalter,root/hcil/members/rsalter/rsalter-small3.gif
members,sbw,root/hcil/members,root/hcil/members/sbw
sbw,sbw-small.gif,root/hcil/members/sbw,root/hcil/members/sbw/sbw-small.gif
hcil,menu-selection,root/hcil,root/hcil/menu-selection
menu-selection,menu-selection-index.html,root/hcil/menu-selection,root/hcil/menu-selection/menu-selection-index.html
hcil,mid,root/hcil,root/hcil/mid
mid,download.shtml,root/hcil/mid,root/hcil/mid/download.shtml
mid,mid-index.html,root/hcil/mid,root/hcil/mid/mid-index.html
mid,mid-0.4-compiled.zip,root/hcil/mid,root/hcil/mid/mid-0.4-compiled.zip
mid,mid-0.4.zip,root/hcil/mid,root/hcil/mid/mid-0.4.zip
mid,readme,root/hcil/mid,root/hcil/mid/readme
hcil,millionvis,root/hcil,root/hcil/millionvis
millionvis,treemap_visualization_of_the_linux_kernel_2_5_33.html,root/hcil/millionvis,root/hcil/millionvis/treemap_visualization_of_the_linux_kernel_2_5_33.html
millionvis,census2k-small.gif,root/hcil/millionvis,root/hcil/millionvis/census2k-small.gif
millionvis,census2k.gif,root/hcil/millionvis,root/hcil/millionvis/census2k.gif
millionvis,flip.gif,root/hcil/millionvis,root/hcil/millionvis/flip.gif
millionvis,flip1.jpg,root/hcil/millionvis,root/hcil/millionvis/flip1.jpg
millionvis,flip2.jpg,root/hcil/millionvis,root/hcil/millionvis/flip2.jpg
millionvis,millionvis-index.html,root/hcil/millionvis,root/hcil/millionvis/millionvis-index.html
millionvis,kernel-2.5.33-arch.png,root/hcil/millionvis,root/hcil/millionvis/kernel-2.5.33-arch.png
millionvis,kernel-2.5.33-drivers.png,root/hcil/millionvis,root/hcil/millionvis/kernel-2.5.33-drivers.png
millionvis,kernel-2.5.33-fs.png,root/hcil/millionvis,root/hcil/millionvis/kernel-2.5.33-fs.png
millionvis,kernel-2.5.33-include.png,root/hcil/millionvis,root/hcil/millionvis/kernel-2.5.33-include.png
millionvis,kernel-2.5.33-net.png,root/hcil/millionvis,root/hcil/millionvis/kernel-2.5.33-net.png
millionvis,kernel-2.5.33.png,root/hcil/millionvis,root/hcil/millionvis/kernel-2.5.33.png
millionvis,kernel-2.5.33.small.gif,root/hcil/millionvis,root/hcil/millionvis/kernel-2.5.33.small.gif
millionvis,kernel-2.5.33log.png,root/hcil/millionvis,root/hcil/millionvis/kernel-2.5.33log.png
millionvis,label1-small.jpg,root/hcil/millionvis,root/hcil/millionvis/label1-small.jpg
millionvis,label1.gif,root/hcil/millionvis,root/hcil/millionvis/label1.gif
millionvis,label2-small.jpg,root/hcil/millionvis,root/hcil/millionvis/label2-small.jpg
millionvis,label2.gif,root/hcil/millionvis,root/hcil/millionvis/label2.gif
millionvis,million-scatterplot-small2.jpg,root/hcil/millionvis,root/hcil/millionvis/million-scatterplot-small2.jpg
millionvis,million-treemap-small.jpg,root/hcil/millionvis,root/hcil/millionvis/million-treemap-small.jpg
millionvis,million-treemap.gif,root/hcil/millionvis,root/hcil/millionvis/million-treemap.gif
millionvis,overlap-count.jpg,root/hcil/millionvis,root/hcil/millionvis/overlap-count.jpg
millionvis,perspective-small.jpg,root/hcil/millionvis,root/hcil/millionvis/perspective-small.jpg
millionvis,perspective.jpg,root/hcil/millionvis,root/hcil/millionvis/perspective.jpg
millionvis,precslider.gif,root/hcil/millionvis,root/hcil/millionvis/precslider.gif
millionvis,precslider.jpg,root/hcil/millionvis,root/hcil/millionvis/precslider.jpg
millionvis,sd2sd-small.jpg,root/hcil/millionvis,root/hcil/millionvis/sd2sd-small.jpg
millionvis,sd2sd-small2.jpg,root/hcil/millionvis,root/hcil/millionvis/sd2sd-small2.jpg
millionvis,sd2sd.gif,root/hcil/millionvis,root/hcil/millionvis/sd2sd.gif
millionvis,shaded-rectangles-small.jpg,root/hcil/millionvis,root/hcil/millionvis/shaded-rectangles-small.jpg
millionvis,shaded-rectangles.jpg,root/hcil/millionvis,root/hcil/millionvis/shaded-rectangles.jpg
millionvis,shaded-rectangles2.jpg,root/hcil/millionvis,root/hcil/millionvis/shaded-rectangles2.jpg
millionvis,sp2sp-small.jpg,root/hcil/millionvis,root/hcil/millionvis/sp2sp-small.jpg
millionvis,sp2sp-small2.jpg,root/hcil/millionvis,root/hcil/millionvis/sp2sp-small2.jpg
millionvis,sp2sp.gif,root/hcil/millionvis,root/hcil/millionvis/sp2sp.gif
millionvis,sq2sp-small.gif,root/hcil/millionvis,root/hcil/millionvis/sq2sp-small.gif
millionvis,sq2sp-small2.gif,root/hcil/millionvis,root/hcil/millionvis/sq2sp-small2.gif
millionvis,sq2sp.gif,root/hcil/millionvis,root/hcil/millionvis/sq2sp.gif
millionvis,sq2st-small.gif,root/hcil/millionvis,root/hcil/millionvis/sq2st-small.gif
millionvis,sq2st-small2.gif,root/hcil/millionvis,root/hcil/millionvis/sq2st-small2.gif
millionvis,sq2st-small3.gif,root/hcil/millionvis,root/hcil/millionvis/sq2st-small3.gif
millionvis,sq2st.gif,root/hcil/millionvis,root/hcil/millionvis/sq2st.gif
millionvis,transp-scatterplot-small.jpg,root/hcil/millionvis,root/hcil/millionvis/transp-scatterplot-small.jpg
millionvis,transp-scatterplot.png,root/hcil/millionvis,root/hcil/millionvis/transp-scatterplot.png
hcil,muiseum,root/hcil,root/hcil/muiseum
muiseum,banner.htm,root/hcil/muiseum,root/hcil/muiseum/banner.htm
muiseum,front.htm,root/hcil/muiseum,root/hcil/muiseum/front.htm
muiseum,muiseum-index.html,root/hcil/muiseum,root/hcil/muiseum/muiseum-index.html
muiseum,menu.htm,root/hcil/muiseum,root/hcil/muiseum/menu.htm
hcil,photomesa,root/hcil,root/hcil/photomesa
photomesa,tog-treemaps.pdf,root/hcil/photomesa,root/hcil/photomesa/tog-treemaps.pdf
photomesa,hand-button.gif,root/hcil/photomesa,root/hcil/photomesa/hand-button.gif
photomesa,hcil-logo-small1.gif,root/hcil/photomesa,root/hcil/photomesa/hcil-logo-small1.gif
photomesa,help.html,root/hcil/photomesa,root/hcil/photomesa/help.html
photomesa,photomesa-index.html,root/hcil/photomesa,root/hcil/photomesa/photomesa-index.html
photomesa,licensing.shtml,root/hcil/photomesa,root/hcil/photomesa/licensing.shtml
photomesa,photomesa-logo-small.gif,root/hcil/photomesa,root/hcil/photomesa/photomesa-logo-small.gif
hcil,piccolo,root/hcil,root/hcil/piccolo
piccolo,applications,root/hcil/piccolo,root/hcil/piccolo/applications
applications,jive,root/hcil/piccolo/applications,root/hcil/piccolo/applications/jive
jive,jive.gif,root/hcil/piccolo/applications/jive,root/hcil/piccolo/applications/jive/jive.gif
applications,jrexxlab,root/hcil/piccolo/applications,root/hcil/piccolo/applications/jrexxlab
jrexxlab,jrexxlab.jpg,root/hcil/piccolo/applications/jrexxlab,root/hcil/piccolo/applications/jrexxlab/jrexxlab.jpg
piccolo,contribute,root/hcil/piccolo,root/hcil/piccolo/contribute
contribute,contribute-index.html,root/hcil/piccolo/contribute,root/hcil/piccolo/contribute/contribute-index.html
contribute,contribute-index.shtml,root/hcil/piccolo/contribute,root/hcil/piccolo/contribute/contribute-index.shtml
piccolo,cvs,root/hcil/piccolo,root/hcil/piccolo/cvs
cvs,cvs-index.shtml,root/hcil/piccolo/cvs,root/hcil/piccolo/cvs/cvs-index.shtml
piccolo,piccolo-download,root/hcil/piccolo,root/hcil/piccolo/piccolo-download
piccolo-download,piccolo-download-index.shtml,root/hcil/piccolo/piccolo-download,root/hcil/piccolo/piccolo-download/piccolo-download-piccolo-download-index.shtml
piccolo-download,piccolo-download-piccolo,root/hcil/piccolo/piccolo-download,root/hcil/piccolo/piccolo-download/piccolo-download-piccolo-download-piccolo
piccolo-download-piccolo,changelog.txt,root/hcil/piccolo/piccolo-download/piccolo-download-piccolo,root/hcil/piccolo/piccolo-download/piccolo-download-piccolo/changelog.txt
piccolo-download-piccolo,piccolopatterns.html,root/hcil/piccolo/piccolo-download/piccolo-download-piccolo,root/hcil/piccolo/piccolo-download/piccolo-download-piccolo/piccolopatterns.html
piccolo-download-piccolo,api,root/hcil/piccolo/piccolo-download/piccolo-download-piccolo,root/hcil/piccolo/piccolo-download/piccolo-download-piccolo/api
api,api-index.html,root/hcil/piccolo/piccolo-download/piccolo-download-piccolo/api,root/hcil/piccolo/piccolo-download/piccolo-download-piccolo/api/api-index.html
piccolo-download-piccolo,piccolo-1.0-beta2-compiled.zip,root/hcil/piccolo/piccolo-download/piccolo-download-piccolo,root/hcil/piccolo/piccolo-download/piccolo-download-piccolo/piccolo-1.0-beta2-compiled.zip
piccolo-download-piccolo,piccolo-1.0-beta2.zip,root/hcil/piccolo/piccolo-download/piccolo-download-piccolo,root/hcil/piccolo/piccolo-download/piccolo-download-piccolo/piccolo-1.0-beta2.zip
piccolo-download-piccolo,piccolodifference.htm,root/hcil/piccolo/piccolo-download/piccolo-download-piccolo,root/hcil/piccolo/piccolo-download/piccolo-download-piccolo/piccolodifference.htm
piccolo-download-piccolo,readme.txt,root/hcil/piccolo/piccolo-download/piccolo-download-piccolo,root/hcil/piccolo/piccolo-download/piccolo-download-piccolo/readme.txt
piccolo,ideas,root/hcil/piccolo,root/hcil/piccolo/ideas
ideas,ideas-index.shtml,root/hcil/piccolo/ideas,root/hcil/piccolo/ideas/ideas-index.shtml
piccolo,img,root/hcil/piccolo,root/hcil/piccolo/img
img,bg.jpg,root/hcil/piccolo/img,root/hcil/piccolo/img/bg.jpg
img,home.gif,root/hcil/piccolo/img,root/hcil/piccolo/img/home.gif
piccolo,index.css,root/hcil/piccolo,root/hcil/piccolo/index.css
piccolo,piccolo-download-piccolo-index.html,root/hcil/piccolo,root/hcil/piccolo/piccolo-download-piccolo-index.html
piccolo,index.js,root/hcil/piccolo,root/hcil/piccolo/index.js
piccolo,piccolo-download-piccolo-index.shtml,root/hcil/piccolo,root/hcil/piccolo/piccolo-download-piccolo-index.shtml
piccolo,jazzicon.ico,root/hcil/piccolo,root/hcil/piccolo/jazzicon.ico
piccolo,learn,root/hcil/piccolo,root/hcil/piccolo/learn
learn,doc-0.4,root/hcil/piccolo/learn,root/hcil/piccolo/learn/doc-0.4
doc-0.4,doc-0.4-changelog,root/hcil/piccolo/learn/doc-0.4,root/hcil/piccolo/learn/doc-0.4/doc-0.4-changelog
doc-0.4,doc-0.4-api,root/hcil/piccolo/learn/doc-0.4,root/hcil/piccolo/learn/doc-0.4/doc-0.4-api
doc-0.4-api,doc-0.4-api-index.html,root/hcil/piccolo/learn/doc-0.4/doc-0.4-api,root/hcil/piccolo/learn/doc-0.4/doc-0.4-api/doc-0.4-api-index.html
doc-0.4,doc-0.4-readme,root/hcil/piccolo/learn/doc-0.4,root/hcil/piccolo/learn/doc-0.4/doc-0.4-readme
doc-0.4,doc-0.4-tutorial,root/hcil/piccolo/learn/doc-0.4,root/hcil/piccolo/learn/doc-0.4/doc-0.4-tutorial
doc-0.4-tutorial,doc-0.4-tutorial-index.html,root/hcil/piccolo/learn/doc-0.4/doc-0.4-tutorial,root/hcil/piccolo/learn/doc-0.4/doc-0.4-tutorial/doc-0.4-tutorial-index.html
learn,doc-0.5,root/hcil/piccolo/learn,root/hcil/piccolo/learn/doc-0.5
doc-0.5,doc-0.5-changelog,root/hcil/piccolo/learn/doc-0.5,root/hcil/piccolo/learn/doc-0.5/doc-0.5-changelog
doc-0.5,doc-0.5-api,root/hcil/piccolo/learn/doc-0.5,root/hcil/piccolo/learn/doc-0.5/doc-0.5-api
doc-0.5-api,doc-0.5-api-index.html,root/hcil/piccolo/learn/doc-0.5/doc-0.5-api,root/hcil/piccolo/learn/doc-0.5/doc-0.5-api/doc-0.5-api-index.html
doc-0.5-api,api-folder,root/hcil/piccolo/learn/doc-0.5/doc-0.5-api,root/hcil/piccolo/learn/doc-0.5/doc-0.5-api/api-folder
api-folder,api-file.js,root/hcil/piccolo/learn/doc-0.5/doc-0.5-api/api-folder,root/hcil/piccolo/learn/doc-0.5/doc-0.5-api/api-folder/api-file.js
doc-0.5,doc-0.5-readme,root/hcil/piccolo/learn/doc-0.5,root/hcil/piccolo/learn/doc-0.5/doc-0.5-readme
doc-0.5,doc-0.5-tutorial,root/hcil/piccolo/learn/doc-0.5,root/hcil/piccolo/learn/doc-0.5/doc-0.5-tutorial
doc-0.5-tutorial,doc-0.5-tutorial-index.html,root/hcil/piccolo/learn/doc-0.5/doc-0.5-tutorial,root/hcil/piccolo/learn/doc-0.5/doc-0.5-tutorial/doc-0.5-tutorial-index.html
learn,doc-0.6,root/hcil/piccolo/learn,root/hcil/piccolo/learn/doc-0.6
doc-0.6,doc-0.6-changelog,root/hcil/piccolo/learn/doc-0.6,root/hcil/piccolo/learn/doc-0.6/doc-0.6-changelog
doc-0.6,doc-0.6-api,root/hcil/piccolo/learn/doc-0.6,root/hcil/piccolo/learn/doc-0.6/doc-0.6-api
doc-0.6-api,doc-0.6-api-index.html,root/hcil/piccolo/learn/doc-0.6/doc-0.6-api,root/hcil/piccolo/learn/doc-0.6/doc-0.6-api/doc-0.6-api-index.html
doc-0.6,doc-0.6-readme,root/hcil/piccolo/learn/doc-0.6,root/hcil/piccolo/learn/doc-0.6/doc-0.6-readme
doc-0.6,doc-0.6-tutorial,root/hcil/piccolo/learn/doc-0.6,root/hcil/piccolo/learn/doc-0.6/doc-0.6-tutorial
doc-0.6-tutorial,doc-0.6-tutorial-index.html,root/hcil/piccolo/learn/doc-0.6/doc-0.6-tutorial,root/hcil/piccolo/learn/doc-0.6/doc-0.6-tutorial/doc-0.6-tutorial-index.html
learn,doc-1.0,root/hcil/piccolo/learn,root/hcil/piccolo/learn/doc-1.0
doc-1.0,doc-1.0-changelog,root/hcil/piccolo/learn/doc-1.0,root/hcil/piccolo/learn/doc-1.0/doc-1.0-changelog
doc-1.0,doc-1.0-api,root/hcil/piccolo/learn/doc-1.0,root/hcil/piccolo/learn/doc-1.0/doc-1.0-api
doc-1.0-api,doc-1.0-api-index.html,root/hcil/piccolo/learn/doc-1.0/doc-1.0-api,root/hcil/piccolo/learn/doc-1.0/doc-1.0-api/doc-1.0-api-index.html
doc-1.0,doc-1.0-readme,root/hcil/piccolo/learn/doc-1.0,root/hcil/piccolo/learn/doc-1.0/doc-1.0-readme
doc-1.0,doc-1.0-tutorial,root/hcil/piccolo/learn/doc-1.0,root/hcil/piccolo/learn/doc-1.0/doc-1.0-tutorial
doc-1.0-tutorial,doc-1.0-tutorial-index.shtml,root/hcil/piccolo/learn/doc-1.0/doc-1.0-tutorial,root/hcil/piccolo/learn/doc-1.0/doc-1.0-tutorial/doc-1.0-tutorial-index.shtml
learn,doc-1.1,root/hcil/piccolo/learn,root/hcil/piccolo/learn/doc-1.1
doc-1.1,doc-1.1-changelog.txt,root/hcil/piccolo/learn/doc-1.1,root/hcil/piccolo/learn/doc-1.1/doc-1.1-changelog.txt
doc-1.1,doc-1.1-api,root/hcil/piccolo/learn/doc-1.1,root/hcil/piccolo/learn/doc-1.1/doc-1.1-api
doc-1.1-api,allclasses-frame.html,root/hcil/piccolo/learn/doc-1.1/doc-1.1-api,root/hcil/piccolo/learn/doc-1.1/doc-1.1-api/allclasses-frame.html
doc-1.1-api,doc-1.1-api-index.html,root/hcil/piccolo/learn/doc-1.1/doc-1.1-api,root/hcil/piccolo/learn/doc-1.1/doc-1.1-api/doc-1.1-api-index.html
doc-1.1-api,overview-frame.html,root/hcil/piccolo/learn/doc-1.1/doc-1.1-api,root/hcil/piccolo/learn/doc-1.1/doc-1.1-api/overview-frame.html
doc-1.1-api,overview-summary.html,root/hcil/piccolo/learn/doc-1.1/doc-1.1-api,root/hcil/piccolo/learn/doc-1.1/doc-1.1-api/overview-summary.html
doc-1.1,doc-1.1-readme.txt,root/hcil/piccolo/learn/doc-1.1,root/hcil/piccolo/learn/doc-1.1/doc-1.1-readme.txt
doc-1.1,doc-1.1-tutorial,root/hcil/piccolo/learn/doc-1.1,root/hcil/piccolo/learn/doc-1.1/doc-1.1-tutorial
doc-1.1-tutorial,doc-1.1-tutorial-index.html,root/hcil/piccolo/learn/doc-1.1/doc-1.1-tutorial,root/hcil/piccolo/learn/doc-1.1/doc-1.1-tutorial/doc-1.1-tutorial-index.html
learn,doc-1.2,root/hcil/piccolo/learn,root/hcil/piccolo/learn/doc-1.2
doc-1.2,doc-1.2-changelog.txt,root/hcil/piccolo/learn/doc-1.2,root/hcil/piccolo/learn/doc-1.2/doc-1.2-changelog.txt
doc-1.2,doc-1.2-api,root/hcil/piccolo/learn/doc-1.2,root/hcil/piccolo/learn/doc-1.2/doc-1.2-api
doc-1.2-api,doc-1.2-api-index.html,root/hcil/piccolo/learn/doc-1.2/doc-1.2-api,root/hcil/piccolo/learn/doc-1.2/doc-1.2-api/doc-1.2-api-index.html
doc-1.2,doc-1.2-readme.txt,root/hcil/piccolo/learn/doc-1.2,root/hcil/piccolo/learn/doc-1.2/doc-1.2-readme.txt
doc-1.2,doc-1.2-tutorial,root/hcil/piccolo/learn/doc-1.2,root/hcil/piccolo/learn/doc-1.2/doc-1.2-tutorial
doc-1.2-tutorial,doc-1.2-tutorial-index.html,root/hcil/piccolo/learn/doc-1.2/doc-1.2-tutorial,root/hcil/piccolo/learn/doc-1.2/doc-1.2-tutorial/doc-1.2-tutorial-index.html
learn,faq.shtml,root/hcil/piccolo/learn,root/hcil/piccolo/learn/faq.shtml
learn,learn-index.shtml,root/hcil/piccolo/learn,root/hcil/piccolo/learn/learn-index.shtml
learn,maillists.shtml,root/hcil/piccolo/learn,root/hcil/piccolo/learn/maillists.shtml
learn,padtour,root/hcil/piccolo/learn,root/hcil/piccolo/learn/padtour
padtour,conclusion.html,root/hcil/piccolo/learn/padtour,root/hcil/piccolo/learn/padtour/conclusion.html
padtour,dir.html,root/hcil/piccolo/learn/padtour,root/hcil/piccolo/learn/padtour/dir.html
padtour,dir2.html,root/hcil/piccolo/learn/padtour,root/hcil/piccolo/learn/padtour/dir2.html
padtour,html.html,root/hcil/piccolo/learn/padtour,root/hcil/piccolo/learn/padtour/html.html
padtour,html2.html,root/hcil/piccolo/learn/padtour,root/hcil/piccolo/learn/padtour/html2.html
padtour,hyper.html,root/hcil/piccolo/learn/padtour,root/hcil/piccolo/learn/padtour/hyper.html
padtour,padtour-images,root/hcil/piccolo/learn/padtour,root/hcil/piccolo/learn/padtour/padtour-images
padtour-images,homes.gif,root/hcil/piccolo/learn/padtour/padtour-images,root/hcil/piccolo/learn/padtour/padtour-images/homes.gif
padtour-images,next1.gif,root/hcil/piccolo/learn/padtour/padtour-images,root/hcil/piccolo/learn/padtour/padtour-images/next1.gif
padtour,padtour-index.shtml,root/hcil/piccolo/learn/padtour,root/hcil/piccolo/learn/padtour/padtour-index.shtml
padtour,lenses.html,root/hcil/piccolo/learn/padtour,root/hcil/piccolo/learn/padtour/lenses.html
padtour,lenses2.html,root/hcil/piccolo/learn/padtour,root/hcil/piccolo/learn/padtour/lenses2.html
padtour,metaphor.html,root/hcil/piccolo/learn/padtour,root/hcil/piccolo/learn/padtour/metaphor.html
padtour,metaphor1.html,root/hcil/piccolo/learn/padtour,root/hcil/piccolo/learn/padtour/metaphor1.html
padtour,outline.html,root/hcil/piccolo/learn/padtour,root/hcil/piccolo/learn/padtour/outline.html
padtour,outline2.html,root/hcil/piccolo/learn/padtour,root/hcil/piccolo/learn/padtour/outline2.html
padtour,outline3.html,root/hcil/piccolo/learn/padtour,root/hcil/piccolo/learn/padtour/outline3.html
padtour,portals.html,root/hcil/piccolo/learn/padtour,root/hcil/piccolo/learn/padtour/portals.html
padtour,portals2.html,root/hcil/piccolo/learn/padtour,root/hcil/piccolo/learn/padtour/portals2.html
padtour,sticky.html,root/hcil/piccolo/learn/padtour,root/hcil/piccolo/learn/padtour/sticky.html
padtour,sticky_portals.html,root/hcil/piccolo/learn/padtour,root/hcil/piccolo/learn/padtour/sticky_portals.html
learn,learn-papers,root/hcil/piccolo/learn,root/hcil/piccolo/learn/learn-papers
learn-papers,cs-tr-3964,root/hcil/piccolo/learn/learn-papers,root/hcil/piccolo/learn/learn-papers/cs-tr-3964
cs-tr-3964,cs-tr-3964.bib,root/hcil/piccolo/learn/learn-papers/cs-tr-3964,root/hcil/piccolo/learn/learn-papers/cs-tr-3964/cs-tr-3964.bib
cs-tr-3964,cs-tr-3964.pdf,root/hcil/piccolo/learn/learn-papers/cs-tr-3964,root/hcil/piccolo/learn/learn-papers/cs-tr-3964/cs-tr-3964.pdf
cs-tr-3964,cs-tr-3964.ps,root/hcil/piccolo/learn/learn-papers/cs-tr-3964,root/hcil/piccolo/learn/learn-papers/cs-tr-3964/cs-tr-3964.ps
learn-papers,bookchap-98-webbrowser,root/hcil/piccolo/learn/learn-papers,root/hcil/piccolo/learn/learn-papers/bookchap-98-webbrowser
bookchap-98-webbrowser,bookchap-98-webbrowser-index.html,root/hcil/piccolo/learn/learn-papers/bookchap-98-webbrowser,root/hcil/piccolo/learn/learn-papers/bookchap-98-webbrowser/bookchap-98-webbrowser-index.html
learn-papers,chi-94-pad,root/hcil/piccolo/learn/learn-papers,root/hcil/piccolo/learn/learn-papers/chi-94-pad
chi-94-pad,chi-94-pad.pdf,root/hcil/piccolo/learn/learn-papers/chi-94-pad,root/hcil/piccolo/learn/learn-papers/chi-94-pad/chi-94-pad.pdf
chi-94-pad,chi-94-pad.ps.gz,root/hcil/piccolo/learn/learn-papers/chi-94-pad,root/hcil/piccolo/learn/learn-papers/chi-94-pad/chi-94-pad.ps.gz
chi-94-pad,chi-94-pad-index.html,root/hcil/piccolo/learn/learn-papers/chi-94-pad,root/hcil/piccolo/learn/learn-papers/chi-94-pad/chi-94-pad-index.html
learn-papers,learn-papers-chi-95-spacescale,root/hcil/piccolo/learn/learn-papers,root/hcil/piccolo/learn/learn-papers/learn-papers-chi-95-spacescale
learn-papers-chi-95-spacescale,chi-95-spacescales.pdf,root/hcil/piccolo/learn/learn-papers/learn-papers-chi-95-spacescale,root/hcil/piccolo/learn/learn-papers/learn-papers-chi-95-spacescale/chi-95-spacescales.pdf
learn-papers-chi-95-spacescale,chi-95-spacescales.ps.gz,root/hcil/piccolo/learn/learn-papers/learn-papers-chi-95-spacescale,root/hcil/piccolo/learn/learn-papers/learn-papers-chi-95-spacescale/chi-95-spacescales.ps.gz
learn-papers,learn-papers-chi-97-kidpad,root/hcil/piccolo/learn/learn-papers,root/hcil/piccolo/learn/learn-papers/learn-papers-chi-97-kidpad
learn-papers-chi-97-kidpad,learn-papers-chi-97-kidpad-index.html,root/hcil/piccolo/learn/learn-papers/learn-papers-chi-97-kidpad,root/hcil/piccolo/learn/learn-papers/learn-papers-chi-97-kidpad/learn-papers-chi-97-kidpad-index.html
learn-papers,learn-papers-chi-98-sdg,root/hcil/piccolo/learn/learn-papers,root/hcil/piccolo/learn/learn-papers/learn-papers-chi-98-sdg
learn-papers-chi-98-sdg,chi-98-sdgs.pdf,root/hcil/piccolo/learn/learn-papers/learn-papers-chi-98-sdg,root/hcil/piccolo/learn/learn-papers/learn-papers-chi-98-sdg/chi-98-sdgs.pdf
learn-papers-chi-98-sdg,learn-papers-chi-98-sdg-index.html,root/hcil/piccolo/learn/learn-papers/learn-papers-chi-98-sdg,root/hcil/piccolo/learn/learn-papers/learn-papers-chi-98-sdg/learn-papers-chi-98-sdg-index.html
learn-papers,learn-papers-hypertext-98-padprints,root/hcil/piccolo/learn/learn-papers,root/hcil/piccolo/learn/learn-papers/learn-papers-hypertext-98-padprints
learn-papers-hypertext-98-padprints,hypertext-98-padprints1.pdf,root/hcil/piccolo/learn/learn-papers/learn-papers-hypertext-98-padprints,root/hcil/piccolo/learn/learn-papers/learn-papers-hypertext-98-padprints/hypertext-98-padprints1.pdf
learn-papers-hypertext-98-padprints,hypertext-98-padprints1.ps.gz,root/hcil/piccolo/learn/learn-papers/learn-papers-hypertext-98-padprints,root/hcil/piccolo/learn/learn-papers/learn-papers-hypertext-98-padprints/hypertext-98-padprints1.ps.gz
learn-papers-hypertext-98-padprints,learn-papers-hypertext-98-padprints-index.html,root/hcil/piccolo/learn/learn-papers/learn-papers-hypertext-98-padprints,root/hcil/piccolo/learn/learn-papers/learn-papers-hypertext-98-padprints/learn-papers-hypertext-98-padprints-index.html
learn-papers,learn-papers-index.shtml,root/hcil/piccolo/learn/learn-papers,root/hcil/piccolo/learn/learn-papers/learn-papers-index.shtml
learn-papers,learn-papers-jvlc-96-pad,root/hcil/piccolo/learn/learn-papers,root/hcil/piccolo/learn/learn-papers/learn-papers-jvlc-96-pad
learn-papers-jvlc-96-pad,learn-papers-jvlc-96-pad-index.html,root/hcil/piccolo/learn/learn-papers/learn-papers-jvlc-96-pad,root/hcil/piccolo/learn/learn-papers/learn-papers-jvlc-96-pad/learn-papers-jvlc-96-pad-index.html
learn-papers-jvlc-96-pad,jvlc-96-pads.pdf,root/hcil/piccolo/learn/learn-papers/learn-papers-jvlc-96-pad,root/hcil/piccolo/learn/learn-papers/learn-papers-jvlc-96-pad/jvlc-96-pads.pdf
learn-papers-jvlc-96-pad,jvlc-96-pads.ps.gz,root/hcil/piccolo/learn/learn-papers/learn-papers-jvlc-96-pad,root/hcil/piccolo/learn/learn-papers/learn-papers-jvlc-96-pad/jvlc-96-pads.ps.gz
learn-papers,learn-papers-siggraph-93-origpad,root/hcil/piccolo/learn/learn-papers,root/hcil/piccolo/learn/learn-papers/learn-papers-siggraph-93-origpad
learn-papers-siggraph-93-origpad,siggraph-93-origpads.pdf,root/hcil/piccolo/learn/learn-papers/learn-papers-siggraph-93-origpad,root/hcil/piccolo/learn/learn-papers/learn-papers-siggraph-93-origpad/siggraph-93-origpads.pdf
learn-papers-siggraph-93-origpad,siggraph-93-origpads.ps.gz,root/hcil/piccolo/learn/learn-papers/learn-papers-siggraph-93-origpad,root/hcil/piccolo/learn/learn-papers/learn-papers-siggraph-93-origpad/siggraph-93-origpads.ps.gz
learn-papers,siggraph-97-graymatters,root/hcil/piccolo/learn/learn-papers,root/hcil/piccolo/learn/learn-papers/siggraph-97-graymatters
siggraph-97-graymatters,siggraph-97-graymatters.pdf,root/hcil/piccolo/learn/learn-papers/siggraph-97-graymatters,root/hcil/piccolo/learn/learn-papers/siggraph-97-graymatters/siggraph-97-graymatters.pdf
learn-papers,spe-98-padimplementation,root/hcil/piccolo/learn/learn-papers,root/hcil/piccolo/learn/learn-papers/spe-98-padimplementation
spe-98-padimplementation,spe-98-padimplementation.pdf,root/hcil/piccolo/learn/learn-papers/spe-98-padimplementation,root/hcil/piccolo/learn/learn-papers/spe-98-padimplementation/spe-98-padimplementation.pdf
spe-98-padimplementation,spe-98-padimplementation.ps.gz,root/hcil/piccolo/learn/learn-papers/spe-98-padimplementation,root/hcil/piccolo/learn/learn-papers/spe-98-padimplementation/spe-98-padimplementation.ps.gz
learn-papers,spie-96-webbrowser,root/hcil/piccolo/learn/learn-papers,root/hcil/piccolo/learn/learn-papers/spie-96-webbrowser
spie-96-webbrowser,spie-96-webbrowser.pdf,root/hcil/piccolo/learn/learn-papers/spie-96-webbrowser,root/hcil/piccolo/learn/learn-papers/spie-96-webbrowser/spie-96-webbrowser.pdf
spie-96-webbrowser,spie-96-webbrowser.ps.gz,root/hcil/piccolo/learn/learn-papers/spie-96-webbrowser,root/hcil/piccolo/learn/learn-papers/spie-96-webbrowser/spie-96-webbrowser.ps.gz
learn-papers,tcl-95-pad,root/hcil/piccolo/learn/learn-papers,root/hcil/piccolo/learn/learn-papers/tcl-95-pad
tcl-95-pad,tcl-95-pad.pdf,root/hcil/piccolo/learn/learn-papers/tcl-95-pad,root/hcil/piccolo/learn/learn-papers/tcl-95-pad/tcl-95-pad.pdf
tcl-95-pad,tcl-95-pad.ps.gz,root/hcil/piccolo/learn/learn-papers/tcl-95-pad,root/hcil/piccolo/learn/learn-papers/tcl-95-pad/tcl-95-pad.ps.gz
learn-papers,uist-94-pad,root/hcil/piccolo/learn/learn-papers,root/hcil/piccolo/learn/learn-papers/uist-94-pad
uist-94-pad,uist-94-pad.pdf,root/hcil/piccolo/learn/learn-papers/uist-94-pad,root/hcil/piccolo/learn/learn-papers/uist-94-pad/uist-94-pad.pdf
uist-94-pad,uist-94-pad.ps.gz,root/hcil/piccolo/learn/learn-papers/uist-94-pad,root/hcil/piccolo/learn/learn-papers/uist-94-pad/uist-94-pad.ps.gz
learn-papers,uist-96-localtools,root/hcil/piccolo/learn/learn-papers,root/hcil/piccolo/learn/learn-papers/uist-96-localtools
uist-96-localtools,uist-96-localtools-index.html,root/hcil/piccolo/learn/learn-papers/uist-96-localtools,root/hcil/piccolo/learn/learn-papers/uist-96-localtools/uist-96-localtools-index.html
uist-96-localtools,uist-96-localtools.pdf,root/hcil/piccolo/learn/learn-papers/uist-96-localtools,root/hcil/piccolo/learn/learn-papers/uist-96-localtools/uist-96-localtools.pdf
uist-96-localtools,uist-96-localtools.ps.gz,root/hcil/piccolo/learn/learn-papers/uist-96-localtools,root/hcil/piccolo/learn/learn-papers/uist-96-localtools/uist-96-localtools.ps.gz
learn-papers,unpub-95-docvis,root/hcil/piccolo/learn/learn-papers,root/hcil/piccolo/learn/learn-papers/unpub-95-docvis
unpub-95-docvis,unpub-95-docvis-index.html,root/hcil/piccolo/learn/learn-papers/unpub-95-docvis,root/hcil/piccolo/learn/learn-papers/unpub-95-docvis/unpub-95-docvis-index.html
unpub-95-docvis,unpub-95-docvis.pdf,root/hcil/piccolo/learn/learn-papers/unpub-95-docvis,root/hcil/piccolo/learn/learn-papers/unpub-95-docvis/unpub-95-docvis.pdf
unpub-95-docvis,unpub-95-docvis.ps.gz,root/hcil/piccolo/learn/learn-papers/unpub-95-docvis,root/hcil/piccolo/learn/learn-papers/unpub-95-docvis/unpub-95-docvis.ps.gz
learn-papers,unpub-96-languages,root/hcil/piccolo/learn/learn-papers,root/hcil/piccolo/learn/learn-papers/unpub-96-languages
unpub-96-languages,unpub-96-languages-index.html,root/hcil/piccolo/learn/learn-papers/unpub-96-languages,root/hcil/piccolo/learn/learn-papers/unpub-96-languages/unpub-96-languages-index.html
unpub-96-languages,unpub-96-languages.pdf,root/hcil/piccolo/learn/learn-papers/unpub-96-languages,root/hcil/piccolo/learn/learn-papers/unpub-96-languages/unpub-96-languages.pdf
unpub-96-languages,unpub-96-languages.ps.gz,root/hcil/piccolo/learn/learn-papers/unpub-96-languages,root/hcil/piccolo/learn/learn-papers/unpub-96-languages/unpub-96-languages.ps.gz
piccolo,newsroom,root/hcil/piccolo,root/hcil/piccolo/newsroom
newsroom,newsroom-index.shtml,root/hcil/piccolo/newsroom,root/hcil/piccolo/newsroom/newsroom-index.shtml
piccolo,play,root/hcil/piccolo,root/hcil/piccolo/play
play,graphit,root/hcil/piccolo/play,root/hcil/piccolo/play/graphit
graphit,graphit.html,root/hcil/piccolo/play/graphit,root/hcil/piccolo/play/graphit/graphit.html
play,hinote-0.5,root/hcil/piccolo/play,root/hcil/piccolo/play/hinote-0.5
hinote-0.5,jazz-mid-talk.html,root/hcil/piccolo/play/hinote-0.5,root/hcil/piccolo/play/hinote-0.5/jazz-mid-talk.html
play,hinote-1.2,root/hcil/piccolo/play,root/hcil/piccolo/play/hinote-1.2
hinote-1.2,hinoteapplet.html,root/hcil/piccolo/play/hinote-1.2,root/hcil/piccolo/play/hinote-1.2/hinoteapplet.html
play,play-index.html,root/hcil/piccolo/play,root/hcil/piccolo/play/play-index.html
play,swingjazz,root/hcil/piccolo/play,root/hcil/piccolo/play/swingjazz
swingjazz,swingjazz.html,root/hcil/piccolo/play/swingjazz,root/hcil/piccolo/play/swingjazz/swingjazz.html
piccolo,team,root/hcil/piccolo,root/hcil/piccolo/team
team,team-index.shtml,root/hcil/piccolo/team,root/hcil/piccolo/team/team-index.shtml
hcil,privacy-policy.shtml,root/hcil,root/hcil/privacy-policy.shtml
hcil,snap,root/hcil,root/hcil/snap
snap,snap-index.html,root/hcil/snap,root/hcil/snap/snap-index.html
snap,maillist-2win-small.gif,root/hcil/snap,root/hcil/snap/maillist-2win-small.gif
snap,maillist-2win.gif,root/hcil/snap,root/hcil/snap/maillist-2win.gif
snap,photolib-5win-small.gif,root/hcil/snap,root/hcil/snap/photolib-5win-small.gif
snap,photolib-5win.gif,root/hcil/snap,root/hcil/snap/photolib-5win.gif
snap,snap-avi00.pdf,root/hcil/snap,root/hcil/snap/snap-avi00.pdf
snap,snap-eval.zip,root/hcil/snap,root/hcil/snap/snap-eval.zip
hcil,hcil-soh,root/hcil,root/hcil/hcil-soh
hcil-soh,spacetree.ppt,root/hcil/hcil-soh,root/hcil/hcil-soh/spacetree.ppt
hcil-soh,user-centereddesign.ppt,root/hcil/hcil-soh,root/hcil/hcil-soh/user-centereddesign.ppt
hcil-soh,ben-bederson-soh2002intro.ppt,root/hcil/hcil-soh,root/hcil/hcil-soh/ben-bederson-soh2002intro.ppt
hcil-soh,bgs.jpg,root/hcil/hcil-soh,root/hcil/hcil-soh/bgs.jpg
hcil-soh,collage.jpg,root/hcil/hcil-soh,root/hcil/hcil-soh/collage.jpg
hcil-soh,dagobert-soergel.ppt,root/hcil/hcil-soh,root/hcil/hcil-soh/dagobert-soergel.ppt
hcil-soh,digital-library-interfaces.ppt,root/hcil/hcil-soh,root/hcil/hcil-soh/digital-library-interfaces.ppt
hcil-soh,directbtn.jpg,root/hcil/hcil-soh,root/hcil/hcil-soh/directbtn.jpg
hcil-soh,enuf.ppt,root/hcil/hcil-soh,root/hcil/hcil-soh/enuf.ppt
hcil-soh,evan-golub.ppt,root/hcil/hcil-soh,root/hcil/hcil-soh/evan-golub.ppt
hcil-soh,gary-rubloff.ppt,root/hcil/hcil-soh,root/hcil/hcil-soh/gary-rubloff.ppt
hcil-soh,harry-hochheiser.ppt,root/hcil/hcil-soh,root/hcil/hcil-soh/harry-hochheiser.ppt
hcil-soh,hdrbot.jpg,root/hcil/hcil-soh,root/hcil/hcil-soh/hdrbot.jpg
hcil-soh,hdrtop.jpg,root/hcil/hcil-soh,root/hcil/hcil-soh/hdrtop.jpg
hcil-soh,hierachicalclustering.ppt,root/hcil/hcil-soh,root/hcil/hcil-soh/hierachicalclustering.ppt
hcil-soh,hilary-hutchinson.ppt,root/hcil/hcil-soh,root/hcil/hcil-soh/hilary-hutchinson.ppt
hcil-soh,hcil-soh-index.html,root/hcil/hcil-soh,root/hcil/hcil-soh/hcil-soh-index.html
hcil-soh,hcil-soh-index.shtml,root/hcil/hcil-soh,root/hcil/hcil-soh/hcil-soh-index.shtml
hcil-soh,infoaccessintro.ppt,root/hcil/hcil-soh,root/hcil/hcil-soh/infoaccessintro.ppt
hcil-soh,infounderintro.ppt,root/hcil/hcil-soh,root/hcil/hcil-soh/infounderintro.ppt
hcil-soh,jean-daniel-fekete.ppt,root/hcil/hcil-soh,root/hcil/hcil-soh/jean-daniel-fekete.ppt
hcil-soh,jianqiang-wang.ppt,root/hcil/hcil-soh,root/hcil/hcil-soh/jianqiang-wang.ppt
hcil-soh,jinmook-kim.ppt,root/hcil/hcil-soh,root/hcil/hcil-soh/jinmook-kim.ppt
hcil-soh,jpslides.ppt,root/hcil/hcil-soh,root/hcil/hcil-soh/jpslides.ppt
hcil-soh,kent-norman.ppt,root/hcil/hcil-soh,root/hcil/hcil-soh/kent-norman.ppt
hcil-soh,kidstory.ppt,root/hcil/hcil-soh,root/hcil/hcil-soh/kidstory.ppt
hcil-soh,map.shtml,root/hcil/hcil-soh,root/hcil/hcil-soh/map.shtml
hcil-soh,monitoringtreemaps.ppt,root/hcil/hcil-soh,root/hcil/hcil-soh/monitoringtreemaps.ppt
hcil-soh,presymp.shtml,root/hcil/hcil-soh,root/hcil/hcil-soh/presymp.shtml
hcil-soh,regist.shtml,root/hcil/hcil-soh,root/hcil/hcil-soh/regist.shtml
hcil-soh,registbtn.jpg,root/hcil/hcil-soh,root/hcil/hcil-soh/registbtn.jpg
hcil-soh,spacer.gif,root/hcil/hcil-soh,root/hcil/hcil-soh/spacer.gif
hcil-soh,sympbutn.jpg,root/hcil/hcil-soh,root/hcil/hcil-soh/sympbutn.jpg
hcil-soh,w2,root/hcil/hcil-soh,root/hcil/hcil-soh/w2
w2,hourcade.shtml,root/hcil/hcil-soh/w2,root/hcil/hcil-soh/w2/hourcade.shtml
hcil-soh,workshopbtn.jpg,root/hcil/hcil-soh,root/hcil/hcil-soh/workshopbtn.jpg
hcil-soh,youngchildren.ppt,root/hcil/hcil-soh,root/hcil/hcil-soh/youngchildren.ppt
hcil,spacetree,root/hcil,root/hcil/spacetree
spacetree,st-applet,root/hcil/spacetree,root/hcil/spacetree/st-applet
st-applet,applet.shtml,root/hcil/spacetree/st-applet,root/hcil/spacetree/st-applet/applet.shtml
st-applet,resources,root/hcil/spacetree/st-applet,root/hcil/spacetree/st-applet/resources
resources,spacetreelogosmall.gif,root/hcil/spacetree/st-applet/resources,root/hcil/spacetree/st-applet/resources/spacetreelogosmall.gif
spacetree,spacetree-index.html,root/hcil/spacetree,root/hcil/spacetree/spacetree-index.html
spacetree,spacetree-index.shtml,root/hcil/spacetree,root/hcil/spacetree/spacetree-index.shtml
spacetree,license.shtml,root/hcil/spacetree,root/hcil/spacetree/license.shtml
spacetree,orgchart.avi,root/hcil/spacetree,root/hcil/spacetree/orgchart.avi
spacetree,orgchart4.gif,root/hcil/spacetree,root/hcil/spacetree/orgchart4.gif
spacetree,orgchart4small.jpg,root/hcil/spacetree,root/hcil/spacetree/orgchart4small.jpg
spacetree,planaria.avi,root/hcil/spacetree,root/hcil/spacetree/planaria.avi
spacetree,register.shtml,root/hcil/spacetree,root/hcil/spacetree/register.shtml
spacetree,spacetreesmall.jpg,root/hcil/spacetree,root/hcil/spacetree/spacetreesmall.jpg
hcil,spotfire,root/hcil,root/hcil/spotfire
spotfire,dq-dcmap-blk-bkgd_scaled.gif,root/hcil/spotfire,root/hcil/spotfire/dq-dcmap-blk-bkgd_scaled.gif
spotfire,dq-elements_scaled.gif,root/hcil/spotfire,root/hcil/spotfire/dq-elements_scaled.gif
spotfire,sappharm_scaled.gif,root/hcil/spotfire,root/hcil/spotfire/sappharm_scaled.gif
spotfire,sappharmapic.gif,root/hcil/spotfire,root/hcil/spotfire/sappharmapic.gif
spotfire,dotfire.gif,root/hcil/spotfire,root/hcil/spotfire/dotfire.gif
spotfire,dotfire_scaled.gif,root/hcil/spotfire,root/hcil/spotfire/dotfire_scaled.gif
spotfire,film-michele_scaled.gif,root/hcil/spotfire,root/hcil/spotfire/film-michele_scaled.gif
spotfire,spotfire-index.html,root/hcil/spotfire,root/hcil/spotfire/spotfire-index.html
spotfire,spotfire-index.shtml,root/hcil/spotfire,root/hcil/spotfire/spotfire-index.shtml
spotfire,woodsign.jpg,root/hcil/spotfire,root/hcil/spotfire/woodsign.jpg
spotfire,woodsign_huge.jpg,root/hcil/spotfire,root/hcil/spotfire/woodsign_huge.jpg
hcil,touchscreens,root/hcil,root/hcil/touchscreens
touchscreens,chap4.3_fig1.gif,root/hcil/touchscreens,root/hcil/touchscreens/chap4.3_fig1.gif
touchscreens,chap4.3_fig1_scaled.gif,root/hcil/touchscreens,root/hcil/touchscreens/chap4.3_fig1_scaled.gif
touchscreens,chap4.3_fig4.gif,root/hcil/touchscreens,root/hcil/touchscreens/chap4.3_fig4.gif
touchscreens,chap4.3_fig4_scaled.gif,root/hcil/touchscreens,root/hcil/touchscreens/chap4.3_fig4_scaled.gif
touchscreens,chap4.3_fig5.jpg,root/hcil/touchscreens,root/hcil/touchscreens/chap4.3_fig5.jpg
touchscreens,chap4.3_fig5_scaled.jpg,root/hcil/touchscreens,root/hcil/touchscreens/chap4.3_fig5_scaled.jpg
touchscreens,chap4.5_fig1.gif,root/hcil/touchscreens,root/hcil/touchscreens/chap4.5_fig1.gif
touchscreens,chap4.5_fig1_scaled.gif,root/hcil/touchscreens,root/hcil/touchscreens/chap4.5_fig1_scaled.gif
touchscreens,chap4.5_fig3.gif,root/hcil/touchscreens,root/hcil/touchscreens/chap4.5_fig3.gif
touchscreens,chap4.5_fig3_scaled.gif,root/hcil/touchscreens,root/hcil/touchscreens/chap4.5_fig3_scaled.gif
touchscreens,chap4_fig1.gif,root/hcil/touchscreens,root/hcil/touchscreens/chap4_fig1.gif
touchscreens,chap4_fig1_scaled.gif,root/hcil/touchscreens,root/hcil/touchscreens/chap4_fig1_scaled.gif
touchscreens,chap5.1._fig1.jpg,root/hcil/touchscreens,root/hcil/touchscreens/chap5.1._fig1.jpg
touchscreens,chap5.1_fig2.jpg,root/hcil/touchscreens,root/hcil/touchscreens/chap5.1_fig2.jpg
touchscreens,chap5.1_fig3.jpg,root/hcil/touchscreens,root/hcil/touchscreens/chap5.1_fig3.jpg
touchscreens,chap5.3_fig2.gif,root/hcil/touchscreens,root/hcil/touchscreens/chap5.3_fig2.gif
touchscreens,chap5.3_fig2_scaled.gif,root/hcil/touchscreens,root/hcil/touchscreens/chap5.3_fig2_scaled.gif
touchscreens,touchscreens-index.html,root/hcil/touchscreens,root/hcil/touchscreens/touchscreens-index.html
touchscreens,touchscreens-index.shtml,root/hcil/touchscreens,root/hcil/touchscreens/touchscreens-index.shtml
hcil,treemap3,root/hcil,root/hcil/treemap3
treemap3,treemap3-index.html,root/hcil/treemap3,root/hcil/treemap3/treemap3-index.html
treemap3,tm31.gif,root/hcil/treemap3,root/hcil/treemap3/tm31.gif
treemap3,tm32.gif,root/hcil/treemap3,root/hcil/treemap3/tm32.gif
hcil,treemaps,root/hcil,root/hcil/treemaps
treemaps,treemaps-index.html,root/hcil/treemaps,root/hcil/treemaps/treemaps-index.html
treemaps,treemaps-index.shtml,root/hcil/treemaps,root/hcil/treemaps/treemaps-index.shtml